Member of Parliament,Photo,County,Constituency,Party,Status
"Hon. (Dr.) Keynan, Wehliye Adan, CBS, MP",http://www.parliament.go.ke/sites/default/files/styles/mp_photo/public/2017-10/860e3c633b6ce74ee8a3064d9a8d0cdd_M.jpg,Wajir,Eldas,JP,Elected
"Hon. Abdi, Yusuf Hassan",http://www.parliament.go.ke/sites/default/files/styles/mp_photo/public/2017-10/531fa9636bc95fc322dfb7a73f42bbbf_M.jpg,Nairobi,Kamukunji,JP,Elected
"Hon. Abdullah, Bashir Sheikh",http://www.parliament.go.ke/index.php/sites/default/files/styles/mp_photo/public/2017-10/06f4997694d4fbc67e936ed9847b6d35_M.jpg,Mandera,Mandera North,JP,Elected
"Hon. Abuor, Paul",http://www.parliament.go.ke/sites/default/files/styles/mp_photo/public/2017-10/c71fd534850869fd13f91e0993d9dddb_M.jpg,Migori,Rongo,ODM,Elected
"Hon. Adagala, Beatrice Kahai",http://www.parliament.go.ke/sites/default/files/styles/mp_photo/public/2017-10/bce0f859edd7399a9211f0de3e5e0a10_M.jpg,Vihiga,Vihiga,ANC,Elected
"Hon. Adan, Safia Sheikh",http://www.parliament.go.ke/index.php/sites/default/files/styles/mp_photo/public/2017-10/4ba80adb85a1e17536e4e0616bc60990_M.jpg,Marsabit,Marsabit,JP,Elected
"Hon. Ahmed, Shakeel Ahmed Shabbir",http://www.parliament.go.ke/sites/default/files/styles/mp_photo/public/2017-10/c07f134e0f4dfa9628ce03732dcbcd15_M.jpg,Kisumu,Kisumu East,IND,Elected
"Hon. Alfah, Miruka Ondieki",http://www.parliament.go.ke/sites/default/files/styles/mp_photo/public/2017-10/b025045f4f2e8832c57d1f3413acf539_M.jpg,Kisii,Bomachoge Chache,KNC,Elected
"Hon. Ali, Adan Haji",http://www.parliament.go.ke/sites/default/files/styles/mp_photo/public/2017-10/f16c3089012335af8414b146795098dc_M.jpg,Mandera,Mandera South,JP,Elected
"Hon. Ali, Amin Deddy Mohamed",http://www.parliament.go.ke/sites/default/files/styles/mp_photo/public/2017-10/f99abe01004e55861ffe30d81bd582e8_M.jpg,Laikipia,Laikipia East,JP,Elected
"Hon. Ali, Fatuma Gedi",http://www.parliament.go.ke/sites/default/files/styles/mp_photo/public/2017-10/331cc23b99ba1f3968c8e515604da6be_M.jpg,Wajir,Wajir,PDR,Elected
"Hon. Ali, Sharif Athman",http://www.parliament.go.ke/sites/default/files/styles/mp_photo/public/2017-10/e2b0261e1c50dc271e2baecf577af371_M.jpg,Lamu,Lamu East,JP,Elected
"Hon. Aluoch, John Olago",http://www.parliament.go.ke/sites/default/files/styles/mp_photo/public/2017-10/d615156b6c83d0ed6e4a0f85ce341a17_M.jpg,Kisumu,Kisumu West,FORD-K,Elected
"Hon. Amin, Rashid Kassim",http://www.parliament.go.ke/sites/default/files/styles/mp_photo/public/2017-10/fcc674c9aea15c292f8b296612164388_M.jpg,Wajir,Wajir East,WDM-K,Elected
"Hon. Amollo, Paul Otiende",http://www.parliament.go.ke/sites/default/files/styles/mp_photo/public/2017-10/d9db825e422ebda626554a84f9df350a_M.jpg,Siaya,Rarieda,ODM,Elected
"Hon. Angatia, Ayub Savula",http://www.parliament.go.ke/sites/default/files/styles/mp_photo/public/2017-10/bb07d6737f95e5edb1ed95dd57d3d01d_M.jpg,Kakamega,Lugari,ANC,Elected
"Hon. Angwenyi, Jimmy Nuru Ondieki",http://www.parliament.go.ke/sites/default/files/styles/mp_photo/public/2017-10/44359994484f5fab27c5151b0fc3de0b_M.jpg,Kisii,Kitutu Chache North,JP,Elected
"Hon. Arama, Samuel",http://www.parliament.go.ke/sites/default/files/styles/mp_photo/public/2017-10/c25ae6f8d15b74dbec4391e838005cf7_M.jpg,Nakuru,Nakuru Town West,JP,Elected
"Hon. Aramat, Lemanken",http://www.parliament.go.ke/sites/default/files/styles/mp_photo/public/2017-10/b83554c528da03ce36128838e77295cf_M.jpg,Narok,Narok East,JP,Elected
"Hon. Arati, Paul Simba",http://www.parliament.go.ke/sites/default/files/styles/mp_photo/public/2017-10/d33547ddfc9abda50f6871bd03dc4943_M.jpg,Nairobi,Dagoretti North,ODM,Elected
"Hon. Arbelle, Marselino Malimo",http://www.parliament.go.ke/sites/default/files/styles/mp_photo/public/2017-10/8e7d507d4623ae30b8360c5039e6a1d0_M.jpg,Marsabit,Laisamis,JP,Elected
"Hon. Atandi, Samuel Onunga",http://www.parliament.go.ke/sites/default/files/styles/mp_photo/public/2017-10/4b34110ec8cbbd2a2f61cbc907d69994_M.jpg,Siaya,Alego Usonga,ODM,Elected
"Hon. Babu, Owino Paul Ongili",http://www.parliament.go.ke/sites/default/files/styles/mp_photo/public/2017-10/821e82510d42213c52dadeb31bd1893a_M.jpg,Nairobi,Embakasi East,ODM,Elected
"Hon. Bady, Bady Twalib",http://www.parliament.go.ke/sites/default/files/styles/mp_photo/public/2017-10/a74045605f04a1b4723dd8b89cf349b1_M.jpg,Mombasa,Jomvu,ODM,Elected
"Hon. Baya, Owen Yaa",http://www.parliament.go.ke/sites/default/files/styles/mp_photo/public/2017-10/18104543d8ce827a7225e455a026090f_M.jpg,Kilifi,Kilifi North,ODM,Elected
"Hon. Bowen, David Kangogo",http://www.parliament.go.ke/sites/default/files/styles/mp_photo/public/2017-10/88d9a0cb55d81b8a3601ff79f8d5c68d_M.jpg,Elgeyo Marakwet,Marakwet East,JP,Elected
"Hon. Bunyasi, Sakwa John",http://www.parliament.go.ke/sites/default/files/styles/mp_photo/public/2017-10/2ded9d06202dff1f6b8071cb70aba6eb_M.jpg,Busia,Nambale,ANC,Elected
"Hon. Buyu, Rozaah Akinyi",http://www.parliament.go.ke/sites/default/files/styles/mp_photo/public/2017-10/f93e0976a80d799f0eb3ad0ba276f287_M.jpg,Kisumu,Kisumu,ODM,Elected
"Hon. Chebaibai, Jane Jepkorir Kiptoo",http://www.parliament.go.ke/sites/default/files/styles/mp_photo/public/2017-10/365e1c894653db3df15422863ba1cc45_M.jpg,Elgeyo Marakwet,Elgeyo\/Marakwet,JP,Elected
"Hon. Cheboi, Moses Kipkemboi",http://www.parliament.go.ke/sites/default/files/styles/mp_photo/public/2017-10/a3d3006b022af92f9255b8a42d389e65_M.jpg,Nakuru,Kuresoi North,JP,Elected
"Hon. Chege, Maitu Sabina Wanjiru",http://www.parliament.go.ke/sites/default/files/styles/mp_photo/public/2017-10/3263c0e8877a411d722992596dbaa3df_M.jpg,Murang\u2019a,Murang'a,JP,Elected
"Hon. Chepkoech, Joyce Korir",http://www.parliament.go.ke/sites/default/files/styles/mp_photo/public/2017-10/88c9db60db08f693776a4a523f26de7b_M.jpg,Bomet,Bomet,JP,Elected
"Hon. Chepkut, William Kamuren Chirchir",http://www.parliament.go.ke/sites/default/files/styles/mp_photo/public/2017-10/91154518c6f0cafa827116d9e4363014_M.jpg,Uasin Gishu,Ainabkoi,IND,Elected
"Hon. Chepkwony, Charity Kathambi",http://www.parliament.go.ke/sites/default/files/styles/mp_photo/public/2017-10/b88a066c55eab9737c73b04fcc6006a1_M.jpg,Nakuru,Njoro,JP,Elected
"Hon. Cheruiyot, Gladwell Jesire",http://www.parliament.go.ke/sites/default/files/styles/mp_photo/public/2017-10/e3098320bc9e754479592595bffb1b21_M.jpg,Baringo,Baringo,KANU,Elected
"Hon. Chesebe, Fred Kapondi",http://www.parliament.go.ke/sites/default/files/styles/mp_photo/public/2017-10/67d1eae3e9598f9411cacd63103dd8a9_M.jpg,Bungoma,Mt. Elgon,JP,Elected
"Hon. Chumel, Samwel Moroto",http://www.parliament.go.ke/sites/default/files/styles/mp_photo/public/2017-10/1bbaad13db4af2c2ee70cb76148e9d8a_M.jpg,West Pokot,Kapenguria,JP,Elected
"Hon. Dawood, Abdul Rahim",http://www.parliament.go.ke/sites/default/files/styles/mp_photo/public/2017-10/fc22a1b66ed7e8dc368c09f8c417e025_M.jpg,Meru,North Imenti,JP,Elected
"Hon. Duale, Aden Bare",http://www.parliament.go.ke/sites/default/files/styles/mp_photo/public/2017-10/eda88fd0c704e7516b7954c21650310b_M.jpg,Garissa,Garissa Township,JP,Elected
"Hon. Duale, Mohamed Dahir",http://www.parliament.go.ke/sites/default/files/styles/mp_photo/public/2017-10/7ad1bc4bf40bceffc470ffe3aab1a249_M.jpg,Garissa,Dadaab,KANU,Elected
"Hon. Ekomwa, James Lomenen",http://www.parliament.go.ke/sites/default/files/styles/mp_photo/public/2017-10/30650c2c44cf5fecb793487c0d61c0ed_M.jpg,Turkana,Turkana South,JP,Elected
"Hon. Emanikor, Joyce Akai",http://www.parliament.go.ke/sites/default/files/styles/mp_photo/public/2017-10/8f7997ac35b97e9818117af746ef5397_M.jpg,Turkana,Turkana,JP,Elected
"Hon. Gaal, Ahmed Bashane",http://www.parliament.go.ke/sites/default/files/styles/mp_photo/public/2017-10/0269c2cf61824f126a7fc8ba28612eae_M.jpg,Wajir,Tarbaj,PDR,Elected
"Hon. Gachagua, Rigathi",http://www.parliament.go.ke/sites/default/files/styles/mp_photo/public/2017-10/8837262661355ba7f14bfb9ac2d34fd2_M.jpg,Nyeri,Mathira,JP,Elected
"Hon. Gachobe, Samuel Kinuthia",http://www.parliament.go.ke/sites/default/files/styles/mp_photo/public/2017-10/2338160a7cc88e5339f9d10742a77113_M.jpg,Nakuru,Subukia,JP,Elected
"Hon. Gakuya, James Mwangi",http://www.parliament.go.ke/sites/default/files/styles/mp_photo/public/2017-10/1538fa6a909fa10bd550ecd0c6ab5e72_M.jpg,Nairobi,Embakasi North,JP,Elected
"Hon. Gakuya, Mercy Wanjiku",http://www.parliament.go.ke/sites/default/files/styles/mp_photo/public/2017-10/a78794f1bdd8b2ecf8cb6e485934052c_M.jpg,Nairobi,Kasarani,JP,Elected
"Hon. Ganya, Francis Chachu",http://www.parliament.go.ke/sites/default/files/styles/mp_photo/public/2017-10/93c651dedbc07f5957173e5e55915d60_M.jpg,Marsabit,North Horr,FAP,Elected
"Hon. Garane, Mohamed Hire",http://www.parliament.go.ke/sites/default/files/styles/mp_photo/public/2017-10/53fda0f303c7d0c538d217dafcea2ab4_M.jpg,Garissa,Lagdera,KANU,Elected
"Hon. Ghati, Dennitah",http://www.parliament.go.ke/sites/default/files/styles/mp_photo/public/2017-10/6a50c9cc0f667726695a092dcb0e894b_M.jpg,N\/A,Nominated,ODM,Nominated
"Hon. Gikaria, David",http://www.parliament.go.ke/sites/default/files/styles/mp_photo/public/2017-10/140800f06a83a38cc18f4df3ed9abedb_M.jpg,Nakuru,Nakuru Town East,JP,Elected
"Hon. Gimose, Charles Gumini",http://www.parliament.go.ke/sites/default/files/styles/mp_photo/public/2017-10/1cc013b4b30bb2f3138b82c49b6ffbba_M.jpg,Vihiga,Hamisi,FORD-K,Elected
"Hon. Gitau, Faith Wairimu",http://www.parliament.go.ke/sites/default/files/styles/mp_photo/public/2017-10/d385f1097f2e54a09345d6a9db3c6508_M.jpg,Laikipia,Nyandarua,JP,Elected
"Hon. Githinji, Robert Gichimu",http://www.parliament.go.ke/sites/default/files/styles/mp_photo/public/2017-10/621e04774107f8d6d16119a4df4b377b_M.jpg,Kirinyaga,Gichugu,JP,Elected
"Hon. Gk, George Macharia Kariuki",http://www.parliament.go.ke/sites/default/files/styles/mp_photo/public/2017-10/87fe29ea5bfce46eb2c814a38cc656c1_M.jpg,Kirinyaga,Ndia,JP,Elected
"Hon. Gogo, Lilian Achieng",http://www.parliament.go.ke/sites/default/files/styles/mp_photo/public/2017-10/ea3f6af0bce488203091602f07eab688_M.jpg,Homa Bay,Rangwe,ODM,Elected
"Hon. Gure, Anab Mohamed",http://www.parliament.go.ke/sites/default/files/styles/mp_photo/public/2017-10/dacd8a0c118889e979828e974f4a232b_M.jpg,Garissa,Garissa,JP,Elected
"Hon. Guyo, Ali Wario",http://www.parliament.go.ke/sites/default/files/styles/mp_photo/public/2017-10/7e1dc8b9134f1e90b7387fabc1f747cc_M.jpg,Tana River,Garsen,WDM-K,Elected
"Hon. Hassan, Amina Gedow",http://www.parliament.go.ke/sites/default/files/styles/mp_photo/public/2017-10/7fa687df0b499f5d3357b01a278280e8_M.jpg,Mandera,Mandera,EFP,Elected
"Hon. Hassan, Kulow Maalim",http://www.parliament.go.ke/sites/default/files/styles/mp_photo/public/2017-10/da899b4f6aecd3b25897ae28f89b2f5e_M.jpg,Mandera,Banissa,EFP,Elected
"Hon. Hassan, Omar Mohamed Maalim",http://www.parliament.go.ke/sites/default/files/styles/mp_photo/public/2017-10/c865d8ec4e84a21ba22c5a0c805e56fc_M.jpg,Mandera,Mandera East,EFP,Elected
"Hon. Hassan, Rehema",http://www.parliament.go.ke/sites/default/files/styles/mp_photo/public/2017-10/c1fbba98d3e1826cc2ca4ec2fafee185_M.jpg,Tana River,Tana River,MCCP,Elected
"Hon. Hassan, Zuleikha Juma",http://www.parliament.go.ke/sites/default/files/styles/mp_photo/public/2017-10/bfed5da4e668e375c60eefa8cf381ee2_M.jpg,Kwale,Kwale,ODM,Elected
"Hon. Hiribae, Said Buya",http://www.parliament.go.ke/sites/default/files/styles/mp_photo/public/2017-10/107cc2f08833bc13b95a0891974ee1a9_M.jpg,Tana River,Galole,FORD-K,Elected
"Hon. Hulufo, Hassan Oda",http://www.parliament.go.ke/sites/default/files/styles/mp_photo/public/2017-10/c32747aadb20d65bf8931a58bf042d00_M.jpg,Isiolo,Isiolo North,KPP,Elected
"Hon. Ibrahim, Abdi Mude",http://www.parliament.go.ke/sites/default/files/styles/mp_photo/public/2017-10/08b1cd314c9fb06eec06f7bd0ea9dedc_M.jpg,Mandera,Lafey,EFP,Elected
"Hon. Ibrahim, Ahmed Abdisalan",http://www.parliament.go.ke/sites/default/files/styles/mp_photo/public/2017-10/8f7e71390d72d9ea8d2e9c3e36b68d2e_M.jpg,Wajir,Wajir North,ODM,Elected
"Hon. Ibrahim, Nasri Sahal",http://www.parliament.go.ke/sites/default/files/styles/mp_photo/public/2017-10/f225425ad4e97f603b376b8125383fae_M.jpg,N\/A,Nominated,FORD - K,Nominated
"Hon. Ichung'wah, Anthony Kimani",http://www.parliament.go.ke/sites/default/files/styles/mp_photo/public/2017-10/2bab3fe1f5c438a1345c3a32387dad33_M.jpg,Kiambu,Kikuyu,JP,Elected
"Hon. Injendi, Moses Malulu",http://www.parliament.go.ke/sites/default/files/styles/mp_photo/public/2017-10/468bf5f58391799e4cdbe1b20493193a_M.jpg,Kakamega,Malava,JP,Elected
"Hon. Iringo, Cyprian Kubai",http://www.parliament.go.ke/sites/default/files/styles/mp_photo/public/2017-10/3452b7591c3d95f16ebd3ca0f6eac17a_M.jpg,Meru,Igembe Central,JP,Elected
"Hon. Jaldesa, Rehema Dida",http://www.parliament.go.ke/sites/default/files/styles/mp_photo/public/2017-10/70265694c1397a38e93527516b73a10c_M.jpg,Isiolo,Isiolo,JP,Elected
"Hon. Jungle, Patrick Kimani Wainaina",http://www.parliament.go.ke/sites/default/files/styles/mp_photo/public/2017-10/5445a93d27f2b991d911dcc3c82aa251_M.jpg,Kiambu,Thika Town,IND,Elected
"Hon. Justin B. N. Muturi, EGH, MP",http://www.parliament.go.ke/sites/default/files/styles/mp_photo/public/2018-11/speaker%20NA.jpeg,,,,
"Hon. Kabeabea, Josphat Gichunge Mwirabua",http://www.parliament.go.ke/sites/default/files/styles/mp_photo/public/2017-10/146385ea9784615c2816204dbf9d5cfa_M.jpg,Meru,Tigania East,PNU,Elected
"Hon. Kajwang’, Francis Tom Joseph",http://www.parliament.go.ke/sites/default/files/styles/mp_photo/public/2017-10/a9e9f42914223665d97ad02bf448f9bc_M.jpg,Nairobi,Ruaraka,ODM,Elected
"Hon. Kaluma, George Peter Opondo",http://www.parliament.go.ke/sites/default/files/styles/mp_photo/public/2017-10/648cedeb1f9039827c51528b6d2f0bbf_M.jpg,Homa Bay,Homa Bay Town,ODM,Elected
"Hon. Kamanda, Maina",http://www.parliament.go.ke/sites/default/files/styles/mp_photo/public/2017-10/ac048a37b20d1d4df4bdf2ebe6bbc3bf_M.jpg,N\/A,Nominated,JP,Nominated
"Hon. Kamene, Joyce",http://www.parliament.go.ke/sites/default/files/styles/mp_photo/public/2017-10/21c0576bea23dc1b15ecf44c7e7851b7_M.jpg,Machakos,Machakos,WDM-K,Elected
"Hon. Kamket Kassait, William",http://www.parliament.go.ke/sites/default/files/styles/mp_photo/public/2017-10/a00faca0fcac606f5ed9174b6103a6e8_M.jpg,Baringo,Tiaty,KANU,Elected
"Hon. Kamuren, Charles",http://www.parliament.go.ke/sites/default/files/styles/mp_photo/public/default_images/person-outline-icon-png-person-outline-icon-png-person-17.png,,Baringo South,Jubilee Party,
"Hon. Kanchory, Elijah Memusi",http://www.parliament.go.ke/sites/default/files/styles/mp_photo/public/2017-10/350dd1a4eb1b2150e3f5ece8e33ee186_M.jpg,Kajiado,Kajiado Central,ODM,Elected
"Hon. Kandie, Joshua Chepyegon",http://www.parliament.go.ke/sites/default/files/styles/mp_photo/public/2017-10/b934a112f613d98a0215e11533a8997b_M.jpg,Baringo,Baringo Central,MCCP,Elected
"Hon. Karani, Christopher Odhiambo",http://www.parliament.go.ke/sites/default/files/styles/mp_photo/public/2017-10/6401108ad245c086aa79c48f1d124c7c_M.jpg,Siaya,Ugenya,ODM,Elected
"Hon. Kasalu, Irene Muthoni",http://www.parliament.go.ke/sites/default/files/styles/mp_photo/public/2017-10/88a07779463fcb36b69aa3ddbde1a262_M.jpg,Kitui,Kitui,WDM-K,Elected
"Hon. Katana, Aisha Jumwa Karisa",http://www.parliament.go.ke/sites/default/files/styles/mp_photo/public/2017-10/f89028c31c66001585f476905f4afb25_M.jpg,Malindi,Malindi,ODM,Elected
"Hon. Katana, Paul Kahindi",http://www.parliament.go.ke/sites/default/files/styles/mp_photo/public/2017-10/2b5886a6af7ffe0890f131c7646b1472_M.jpg,Kilifi,Kaloleni,ODM,Elected
"Hon. Kaunya, Edward Oku",http://www.parliament.go.ke/sites/default/files/styles/mp_photo/public/2017-10/eb9bf436458080249c7633d607611800_M.jpg,Busia,Teso North,ANC,Elected
"Hon. Kega, Mathenge James Kanini",http://www.parliament.go.ke/sites/default/files/styles/mp_photo/public/2017-10/c9bc241ebc9f52611d92694886ac1a8c_M.jpg,Nyeri,Kieni,N\/A,Elected
"Hon. Keter, Alfred Kiptoo",http://www.parliament.go.ke/sites/default/files/styles/mp_photo/public/2017-10/b68b3ccfe896ef105681f423d72ff5a9_M.jpg,Nandi,Nandi Hills,JP,Elected
"Hon. Keter, Gideon",http://www.parliament.go.ke/sites/default/files/styles/mp_photo/public/2017-10/4a6db493688ce47d860ff52eda878d88_M.jpg,N\/A,Nominated,JP,Nominated
"Hon. Kiai, Anthony Githiaka",http://www.parliament.go.ke/sites/default/files/styles/mp_photo/public/2017-10/48d890cd826326e9a53289fa7114cca6_M.jpg,Nyeri,Mukurweini,JP,Elected
"Hon. Kiaraho, David Njuguna",http://www.parliament.go.ke/sites/default/files/styles/mp_photo/public/2017-10/21932c06430f4fed99e3c8195fc591d6_M.jpg,Nyandarua,Ol Kalou,JP,Elected
"Hon. Kibeh, Annie Wanjiku",http://www.parliament.go.ke/sites/default/files/styles/mp_photo/public/2017-10/b574a0ae91fb70e737fbed289783496a_M.jpg,Kiambu,Gatundu North,JP,Elected
"Hon. Kibiwot, Julius Melly",http://www.parliament.go.ke/sites/default/files/styles/mp_photo/public/2017-10/4e402c8920f4be037902c4be9402ea8f_M.jpg,Nandi,Tinderet,JP,Elected
"Hon. Kibunguchy, Enoch Wamalwa",http://www.parliament.go.ke/sites/default/files/styles/mp_photo/public/2017-10/e65a3cb5bf8ddad3661b23ae64e6228c_M.jpg,Kakamega,Likuyani,FORD-K,Elected
"Hon. Kigano, Clement Muturi",http://www.parliament.go.ke/sites/default/files/styles/mp_photo/public/2017-10/ee9b37a543af30509248a26f2de04a60_M.jpg,Murang'a,Kangema,JP,Elected
"Hon. Kihara, Jayne Njeri Wanjiru",http://www.parliament.go.ke/sites/default/files/styles/mp_photo/public/2017-10/a28f2bb5ffa79ee030e1076395c03c79_M.jpg,Nakuru,Naivasha,JP,Elected
"Hon. Kihara, Peter Kimari",http://www.parliament.go.ke/sites/default/files/styles/mp_photo/public/2017-10/3e96d38302447f1cf99d475dfb5c308d_M.jpg,Murang'a,Mathioya,JP,Elected
"Hon. Kilonzo, Charles Mutavi",http://www.parliament.go.ke/sites/default/files/styles/mp_photo/public/2017-10/f7724547f17b9a1373fb429f1124f806_M.jpg,Machakos,Yatta,IND,Elected
"Hon. Kimani, Francis Kuria",http://www.parliament.go.ke/sites/default/files/styles/mp_photo/public/2017-10/6408056b72e0df42b9dd4870cb84668b_M.jpg,Nakuru,Molo,JP,Elected
"Hon. Kimilu, Joshua Kivinda",http://www.parliament.go.ke/sites/default/files/styles/mp_photo/public/2017-10/2ea7bf7f3b1670977aa6b5b00fc6b7f0_M.jpg,Makueni,Kaiti,WDM-K,Elected
"Hon. Kimunya, Amos Muhinga",http://www.parliament.go.ke/sites/default/files/styles/mp_photo/public/2017-10/cc88f2d6d7efb87c36fab36d95f2f33a_M.jpg,Nyandarua,Kipipiri,JP,Elected
"Hon. King'ola, Patrick Makau",http://www.parliament.go.ke/sites/default/files/styles/mp_photo/public/2017-10/cdcfe1cb542202f1e6585f7193c3f6c5_M.jpg,Machakos,Mavoko,WDM-K,Elected
"Hon. Kingara, Simon Nganga",http://www.parliament.go.ke/sites/default/files/styles/mp_photo/public/2017-10/fae60ae7df930361d387c921e7911069_M.jpg,Kiambu,Ruiru,JP,Elected
"Hon. Kingi, Michael Thoyah",http://www.parliament.go.ke/sites/default/files/styles/mp_photo/public/2017-10/384d40a35806de1d1fe854b3ee846eec_M.jpg,Kilifi,Magarini,ODM,Elected
"Hon. Kioni, Jeremiah Ng’ayu",http://www.parliament.go.ke/sites/default/files/styles/mp_photo/public/2017-10/6531b8388fa2ad0f5c5aba34b81863bb_M.jpg,Nyandarua,Ndaragwa,JP,Elected
"Hon. Kipkiror, William Cheptumo",http://www.parliament.go.ke/sites/default/files/styles/mp_photo/public/2017-10/81e88cc0ea51deee3c244a6338205ec0_M.jpg,Baringo,Baringo North,JP,Elected
"Hon. Kipkosgei, Joseph Tonui",http://www.parliament.go.ke/sites/default/files/styles/mp_photo/public/2017-10/02b93e40a87f77a216584ee602e530cc_M.jpg,Nakuru,Kuresoi South,JP,Elected
"Hon. Kipyegon, Johana Ngeno",http://www.parliament.go.ke/sites/default/files/styles/mp_photo/public/2017-10/83f568eba26f72d953890f7053aa6edf_M.jpg,Narok,Emurua Dikirr,KANU,Elected
"Hon. Kirima, Moses Nguchine",http://www.parliament.go.ke/sites/default/files/styles/mp_photo/public/2017-10/e2d733482b305304240a334a4d695c6b_M.jpg,Meru,Central Imenti,JP,Elected
"Hon. Kisang, William Kipkemoi",http://www.parliament.go.ke/sites/default/files/styles/mp_photo/public/2017-10/ca581b6d1396a912166c447ce59cde17_M.jpg,Elgeyo-Marakwet,Marakwet West,JP,Elected
"Hon. Kitayama, Marwa Kemero Maisori",http://www.parliament.go.ke/sites/default/files/styles/mp_photo/public/2017-10/11d123796086c1d809e731bf566e453d_M.jpg,Migori,Kuria East,JP,Elected
"Hon. Kiti, Richard Ken Chonga",http://www.parliament.go.ke/sites/default/files/styles/mp_photo/public/2017-10/295fdc87d658f559ef2cffb7fe8f65ee_M.jpg,Kilfi,Kilifi South,ODM,Elected
"Hon. Kivai, Ernest Ogesi",http://www.parliament.go.ke/sites/default/files/styles/mp_photo/public/2017-10/9d7c2d4b3357e7ba03c3b8ad3fb9a8b0_M.jpg,Vihiga,Vihiga,ANC,Elected
"Hon. Koech, Nelson",http://www.parliament.go.ke/sites/default/files/styles/mp_photo/public/2017-10/ac37d23a1bfab39ff0118c3645959b54_M.jpg,Kericho,Belgut,JP,Elected
"Hon. Kogo, Wilson Kipngetich",http://www.parliament.go.ke/sites/default/files/styles/mp_photo/public/2017-10/0b9af8663810178a91c6ebea9711fcd6_M.jpg,Nandi,Chesumei,JP,Elected
"Hon. Koinange, Paul",http://www.parliament.go.ke/sites/default/files/styles/mp_photo/public/2017-10/a52e3ba5cfb0a714deff40836e2eda7e_M.jpg,Kiambu,Kiambaa,N\/A,Elected
"Hon. Konchela, Gideon Sitelu",http://www.parliament.go.ke/sites/default/files/styles/mp_photo/public/2017-10/fe7ba1caaed873cdbf5005a34108c0b8_M.jpg,Narok,Kilgoris,JP,Elected
"Hon. Kones, Beatrice Pauline Cherono",http://www.parliament.go.ke/sites/default/files/styles/mp_photo/public/2017-10/ff6f995ca52e8cb4d412e7c56015c435_M.jpg,Bomet,Bomet East,JP,Elected
"Hon. Korere, Sarah Paulata",http://www.parliament.go.ke/sites/default/files/styles/mp_photo/public/2017-10/03ef9152d82e5bb58ebe9973fc1e07bc_M.jpg,Laikipia,Laikipia North,N\/A,Elected
"Hon. Korir, Generali Nixon Kiprotich",http://www.parliament.go.ke/sites/default/files/styles/mp_photo/public/2017-10/e78c46e17fcaf25ae5e3fd895121344b_M.jpg,Nairobi,Lang'ata,JP,Elected
"Hon. Koros, Benard Kipsengeret",http://www.parliament.go.ke/sites/default/files/styles/mp_photo/public/2017-10/0a434987072cff0c2790d532730a5ea1_M.jpg,Kericho,Sigowet\/Soin,IND,Elected
"Hon. Kosgei, Hilary Kiplang’at",http://www.parliament.go.ke/sites/default/files/styles/mp_photo/public/2017-10/cd28e7de42daec61e1a7b5cd2b05356d_M.jpg,Kericho,Kipkelion West,JP,Elected
"Hon. Kosgey, Alexander Kimutai Kigen",http://www.parliament.go.ke/sites/default/files/styles/mp_photo/public/2017-10/984f36722996e0131597718783789a28_M.jpg,Nandi,Emgwen,JP,Elected
"Hon. Kositany, Caleb Kipkemei",http://www.parliament.go.ke/sites/default/files/styles/mp_photo/public/2017-10/127e8ddb840f2663dc84cecc020b26ec_M.jpg,Uasin Gishu,Soy,JP,Elected
"Hon. Koske, Gideon Kimutai",http://www.parliament.go.ke/sites/default/files/styles/mp_photo/public/2019-02/PHOTO-2019-02-19-20-39-54.jpg,Bomet,Chepalungu,CCM,Elected
"Hon. Koskei, Dominic Kipkoech",http://www.parliament.go.ke/sites/default/files/styles/mp_photo/public/2017-10/a7a067594506e5669665df7513e36111_M.jpg,Bomet,Sotik,JP,Elected
"Hon. Koskey, Florence Chepngetich",http://www.parliament.go.ke/sites/default/files/styles/mp_photo/public/2017-10/72c467482339fb1363b4c01596c51a1f_M.jpg,Kericho,Kericho,JP,Elected
"Hon. Koyi, John Waluke",http://www.parliament.go.ke/sites/default/files/styles/mp_photo/public/2017-10/54156bdcd7316e7eeaa9c4bdf4e0b58e_M.jpg,Bungoma,Sirisia,JP,Elected
"Hon. Kuria, Moses Kiarie",http://www.parliament.go.ke/sites/default/files/styles/mp_photo/public/2017-10/671e1b97d5db31a8bc1d973f463cac5a_M.jpg,Kiambu,Gatundu South,JP,Elected
"Hon. Lekumontare, Lentoi Joni L. Jackson",http://www.parliament.go.ke/sites/default/files/styles/mp_photo/public/2017-10/a262496e7bd5ef16097803badbbe7ffc_M.jpg,Samburu,Samburu East,KANU,Elected
"Hon. Lentoimaga, Alois Musa",http://www.parliament.go.ke/sites/default/files/styles/mp_photo/public/2017-10/13e5f342406151e0de1a1cca53fbdba9_M.jpg,Samburu,Samburu North,JP,Elected
"Hon. Leonard, Yegon Brighton",http://www.parliament.go.ke/sites/default/files/styles/mp_photo/public/2017-10/0b3079625ed50d96c18af4d0014dae15_M.jpg,Bomet,Konoin,JP,Elected
"Hon. Leshoomo, Maison",http://www.parliament.go.ke/sites/default/files/styles/mp_photo/public/2017-10/f6f60bca57a307b0a8335b4c2aabc72c_M.jpg,Samburu,Samburu,KANU,Elected
"Hon. Lessonet, Moses K.",http://www.parliament.go.ke/sites/default/files/styles/mp_photo/public/2017-10/d975d352a3946dff3e435c75b58b4538_M.jpg,Baringo,Eldama Ravine,JP,Elected
"Hon. Lesuuda, Josephine Naisula",http://www.parliament.go.ke/sites/default/files/styles/mp_photo/public/2017-10/cd0e81ab26f554fcc1d1545c3b911154_M.jpg,Samburu,Samburu West,KANU,Elected
"Hon. Limo, Kirui Joseph",http://www.parliament.go.ke/sites/default/files/styles/mp_photo/public/2017-10/3ad8a93d69f0d23db55fddb7a3241ed2_M.jpg,Kericho,Kipkelion East,JP,Elected
"Hon. Liza, Chelule Chepkorir",http://www.parliament.go.ke/sites/default/files/styles/mp_photo/public/2017-10/3793b7e33956f452215e5447180502e1_M.jpg,Nakuru,Nakuru,JP,Elected
"Hon. Lochakapong, Peter",http://www.parliament.go.ke/sites/default/files/styles/mp_photo/public/2017-10/da497ded6b58ebe690c1a1ad4e7cb3a9_M.jpg,West Pokot,Sigor,JP,Elected
"Hon. Lomorukai, Jeremiah Ekamais",http://www.parliament.go.ke/sites/default/files/styles/mp_photo/public/2017-10/a968d988da3b5623e52a9338e2760928_M.jpg,Turkana,Loima,ODM,Elected
"Hon. Lomunokol, Mark",http://www.parliament.go.ke/sites/default/files/styles/mp_photo/public/2017-10/b5b911d9cf2a6c396203842ba429d5ba_M.jpg,West Pokot,Kacheliba,PDR,Elected
"Hon. Luyai, Caleb Amisi",http://www.parliament.go.ke/sites/default/files/styles/mp_photo/public/2017-10/67fe64e2f26a1adfd23a6bb5094d9921_M.jpg,Trans-Nzoia,Saboti,ODM,Elected
"Hon. Maanzo, Daniel Kitonga",http://www.parliament.go.ke/sites/default/files/styles/mp_photo/public/2017-10/272afcf7fec66e45774ad9a2da6df643_M.jpg,Makueni,Makueni,WDM-K,Elected
"Hon. Mabonga, Moses Wekesa Mwambu",http://www.parliament.go.ke/sites/default/files/styles/mp_photo/public/2019-02/WhatsApp%20Image%202019-02-21%20at%2014.12.49.jpeg,Bungoma,Bumula,IND,Elected
"Hon. Makokha, Justus Murunga",http://www.parliament.go.ke/sites/default/files/styles/mp_photo/public/2017-10/b457c0017d1721e3652b5a778416af89_M.jpg,Kakamega,Matungu,ANC,Elected
"Hon. Manje, Joseph Wathigo",http://www.parliament.go.ke/sites/default/files/styles/mp_photo/public/2017-10/666186747472cea2e8b7b44fd124836d_M.jpg,Kajiado,Kajiado North,JP,Elected
"Hon. Maoka, Richard Maore",http://www.parliament.go.ke/sites/default/files/styles/mp_photo/public/2017-10/ee942152895ab17379319f19b18980a9_M.jpg,Meru,Igembe North,JP,Elected
"Hon. Mariru, Patrick Kariuki",http://www.parliament.go.ke/sites/default/files/styles/mp_photo/public/2017-10/34fd4e0b469b2ccdf7f11c99e7d372b6_M.jpg,Laikipia,Laikipia West,JP,Elected
"Hon. Maritim, Sylvanus",http://www.parliament.go.ke/sites/default/files/styles/mp_photo/public/2017-10/4bfe9873ff58983fca7af755db4ae8e4_M.jpg,Kericho,Ainamoi,JP,Elected
"Hon. Masadia, Alfred Agoi",http://www.parliament.go.ke/sites/default/files/styles/mp_photo/public/2017-10/7915731e4e19ceea4d73d26bebb0d76a_M.jpg,Vihiga,Sabatia,ANC,Elected
"Hon. Masara, Peter Francis",http://www.parliament.go.ke/sites/default/files/styles/mp_photo/public/2019-07/WhatsApp%20Image%202019-07-04%20at%2013.27.58.jpeg,Migori,Suna West,IND,Elected
"Hon. Mawathe, Julius Musili",http://www.parliament.go.ke/sites/default/files/styles/mp_photo/public/2017-10/e94c9fec1d4737ab646df2330968a9dc_M.jpg,Nairobi,Embakasi South,WDM-K,Elected
"Hon. Mbai, Nimrod Mbithuka",http://www.parliament.go.ke/sites/default/files/styles/mp_photo/public/2017-10/18a30248707b02ced05d1e20645ce489_M.jpg,Kitui,Kitui East,JP,Elected
"Hon. Mbalu, Jessica Nduku Kiko",http://www.parliament.go.ke/sites/default/files/styles/mp_photo/public/2017-10/db6d8759d923145272110190aa661283_M.jpg,Makueni,Kibwezi East,WDM-K,Elected
"Hon. Mbarire, Cecily",http://www.parliament.go.ke/sites/default/files/styles/mp_photo/public/2017-10/e62c5a16916906b4dcc06f9443575a5c_M.jpg,N\/A,Nominated,JP,Nominated
"Hon. Mbiuki, Japhet Miriti Kareke",http://www.parliament.go.ke/sites/default/files/styles/mp_photo/public/2017-10/05372347c9cef3383a926462463047c8_M.jpg,Tharaka-Nithi,Maara,JP,Elected
"Hon. Mbogo, Ali Menza",http://www.parliament.go.ke/sites/default/files/styles/mp_photo/public/2017-10/5aa798659041a7adb924f828cf0b7c17_M.jpg,Mombasa,Kisauni,WDM-K,Elected
"Hon. Mboko, Mishi Juma Khamisi",http://www.parliament.go.ke/sites/default/files/styles/mp_photo/public/2017-10/c6834ff6846b4e9fabf44cbbbe734bae_M.jpg,Mombasa,Likoni,ODM,Elected
"Hon. Mboni, David Mwalika",http://www.parliament.go.ke/sites/default/files/styles/mp_photo/public/2017-10/f6594de3cb599e60cb8a7e426b64b0ca_M.jpg,Kitui,Kitui Rural,CCU,Elected
"Hon. Mbui, Robert",http://www.parliament.go.ke/sites/default/files/styles/mp_photo/public/2017-10/c8bc579716d220284dabf41e7ca6a091_M.jpg,Machakos,Kathiani,WDM-K,Elected
"Hon. Milemba, Jeremiah Omboko",http://www.parliament.go.ke/sites/default/files/styles/mp_photo/public/2017-10/c1667055b4667ffdd5b09e569b37e5d5_M.jpg,Vihiga,Emuhaya,ANC,Elected
"Hon. Mishra, Swarup Ranjan",http://www.parliament.go.ke/sites/default/files/styles/mp_photo/public/2017-10/f9fbc54627494d6ca586c60b370d6414_M.jpg,Uasin Gishu,Kesses,JP,Elected
"Hon. Mizighi, Lydia Haika Mnene",http://www.parliament.go.ke/sites/default/files/styles/mp_photo/public/2017-10/1133cfc56b1bf70c27f631bd8c3c835d_M.jpg,Taita Taveta,Taita Taveta,JP,Elected
"Hon. Mlolwa, Jones Mwagogo",http://www.parliament.go.ke/sites/default/files/styles/mp_photo/public/2017-10/e68080f5317e776c361ceb03623476de_M.jpg,Voi,Voi,ODM,Elected
"Hon. Mogaka, Vincent Kemosi",http://www.parliament.go.ke/sites/default/files/styles/mp_photo/public/2017-10/4ffe4c55e2862ec13bd51ae5d98195aa_M.jpg,Nyamira,West Mugirango,FORD-K,Elected
"Hon. Mohamed, Abdikhaim Osman",http://www.parliament.go.ke/sites/default/files/styles/mp_photo/public/2017-10/ac3087196275113f2b5554030333c964_M.jpg,Garissa,Fafi,KANU,Elected
"Hon. Mohamed, Ahmed Kolosh",http://www.parliament.go.ke/sites/default/files/styles/mp_photo/public/2017-10/8ecba96dffb0e9e3fa11255471375ec8_M.jpg,Wajir,Wajir West,ODM,Elected
"Hon. Mohamed, Asha Hussein",http://www.parliament.go.ke/sites/default/files/styles/mp_photo/public/2017-10/b59bbc536b03252f3860595000450d51_M.jpg,Mombasa,Mombasa,ODM,Elected
"Hon. Mohamed, Mohamed Ali",http://www.parliament.go.ke/sites/default/files/styles/mp_photo/public/2017-10/852c2fa5e5468761c3ae8b796ca9be85_M.jpg,Mombasa,Nyali,IND,Elected
"Hon. Mohammed, Lokiru Ali",http://www.parliament.go.ke/sites/default/files/styles/mp_photo/public/2017-10/2add8384f1661c58873d6d3aebb128ac_M.jpg,Turkana,Turkana East,ODM,Elected
"Hon. Mohammed, Mohamud Sheikh",http://www.parliament.go.ke/sites/default/files/styles/mp_photo/public/2017-10/d1495fd50aec8a7f22f99ef1d7dfe1a1_M.jpg,Wajir,Wajir South,JP,Elected
"Hon. Moi, Kipruto",http://www.parliament.go.ke/sites/default/files/styles/mp_photo/public/2017-10/e5f13757360abae96edaf4672d276461_M.jpg,Kajiado,Rongai,KANU,Elected
"Hon. Momanyi, Ben George Orori",http://www.parliament.go.ke/sites/default/files/styles/mp_photo/public/2017-10/54d2b8d82508951e326f978814425351_M.jpg,Nyamira,Borabu,WDM-K,Elected
"Hon. Momanyi, Jerusha Mongina",http://www.parliament.go.ke/sites/default/files/styles/mp_photo/public/2017-10/643c25a4835bc55ae5bec094d51b8381_M.jpg,Nyamira,Nyamira,JP,Elected
"Hon. Mose, Shadrack John",http://www.parliament.go.ke/sites/default/files/styles/mp_photo/public/2017-10/1babebb6e3082b7c74215afaef8a900c_M.jpg,Nyamira,Kitutu Masaba,JP,Elected
"Hon. Muchira, Michael Mwangi",http://www.parliament.go.ke/sites/default/files/styles/mp_photo/public/2017-10/39cbec347225b2c21c5ceb40381af16c_M.jpg,Nyandarua,Ol Jorok,JP,Elected
"Hon. Muchira, Michael Mwangi",http://www.parliament.go.ke/sites/default/files/styles/mp_photo/public/2017-10/39cbec347225b2c21c5ceb40381af16c_M.jpg,Nyandarua,Ol Jorok,JP,Elected
"Hon. Mugambi, James Gichuki",http://www.parliament.go.ke/sites/default/files/styles/mp_photo/public/2017-10/7a2b676bb85d1be84ddcbc1aa8d36513_M.jpg,Nyeri,Othaya,JP,Elected
"Hon. Muhanda, Elsie Busihile",http://www.parliament.go.ke/sites/default/files/styles/mp_photo/public/2017-10/548d41fc70d47d3bf3dafd1fd364ee6b_M.jpg,Kakamega,Kakamega,ODM,Elected
"Hon. Mukhwana, Titus Khamala",http://www.parliament.go.ke/sites/default/files/styles/mp_photo/public/2017-10/ef53d18ea3f2390ab2b101ee9426bf01_M.jpg,Kakamega,Lurambi,ANC,Elected
"Hon. Mukuha, Gabriel Kago",http://www.parliament.go.ke/sites/default/files/styles/mp_photo/public/2017-10/377731d40ea33c1c7cdc23e7ace5e053_M.jpg,Kiambu,Githunguri,JP,Elected
"Hon. Mukwe, James Lusweti",http://www.parliament.go.ke/sites/default/files/styles/mp_photo/public/2017-10/dda224f5f73f8293718cc39912ac22e5_M.jpg,Bungoma,Kabuchai,FORD-K,Elected
"Hon. Mule, Stephen Mutinda",http://www.parliament.go.ke/sites/default/files/styles/mp_photo/public/2017-10/7b9d41e68c1d4d315e896b5e82209a87_M.jpg,Machakos,Matungulu,WDM-K,Elected
"Hon. Muli, Fabian Kyule",http://www.parliament.go.ke/sites/default/files/styles/mp_photo/public/2017-10/1d10e97ee6299d36828eddc9f92530e2_M.jpg,Machakos,Kangundo,MUUNGANO,Elected
"Hon. Mulu, Benson Makali",http://www.parliament.go.ke/sites/default/files/styles/mp_photo/public/2017-10/f641f67efa680afb475bb32af1ab6c16_M.jpg,Kitui,Kitui Central,WDM-K,Elected
"Hon. Mulyungi, Gideon Mutemi",http://www.parliament.go.ke/sites/default/files/styles/mp_photo/public/2017-10/72700a14a2a02b35fe25ed088f8895bc_M.jpg,Kitui,Mwingi Central,WDM-K,Elected
"Hon. Mumo, Rose Museo",http://www.parliament.go.ke/sites/default/files/styles/mp_photo/public/2017-10/52188659ef88a401b1213c4a355f83e3_M.jpg,Makueni,Makueni,WDM-K,Elected
"Hon. Munyaka, Victor Kioko",http://www.parliament.go.ke/sites/default/files/styles/mp_photo/public/2017-10/635d0a11c7b39cba615275bd75b58c0e_M.jpg,Machakos,Machakos Town,JP,Elected
"Hon. Murgor, James Kipkosgei",http://www.parliament.go.ke/sites/default/files/styles/mp_photo/public/2017-10/5c91d269c799df7f54bd4efd5c3d493b_M.jpg,Elgeyo-Marakwet,Keiyo North,JP,Elected
"Hon. Murugara, George Gitonga",http://www.parliament.go.ke/sites/default/files/styles/mp_photo/public/2017-10/dc1d6f777886429c4e95ddd8c1ab062e_M.jpg,Tharaka-Nithi,Tharaka,DP,Elected
"Hon. Murungi, Kathuri",http://www.parliament.go.ke/sites/default/files/styles/mp_photo/public/2017-10/27ae4a7fde52e0f0f4b3f6507837c4eb_M.jpg,Meru,South Imenti,IND,Elected
"Hon. Musau, Vincent Musyoka",http://www.parliament.go.ke/sites/default/files/styles/mp_photo/public/2017-10/f7333766001349d91d9a4030b2201a2e_M.jpg,Machakos,Mwala,MCCP,Elected
"Hon. Musimba, Patrick Mweu",http://www.parliament.go.ke/sites/default/files/styles/mp_photo/public/2017-10/a5fe069d96534a42c0b2ab6d9d74598d_M.jpg,Makueni,Kibwezi West,IND,Elected
"Hon. Mutai, Japheth Kiplangat",http://www.parliament.go.ke/sites/default/files/styles/mp_photo/public/2017-10/dfd56ec516270ddb1a6acdd0b88948d4_M.jpg,Kericho,Bureti,JP,Elected
"Hon. Muthama, Stanley Muiruri",http://www.parliament.go.ke/sites/default/files/styles/mp_photo/public/2017-10/e2ad8b69042b9b1779ce7d6a5fa4d265_M.jpg,Lamu,Lamu West,MCCP,Elected
"Hon. Mutua, Didmus Wekesa Barasa",http://www.parliament.go.ke/sites/default/files/styles/mp_photo/public/2017-10/b278cbdaf7c839ab95dcc8c220ab1eb7_M.jpg,Bungoma,Kimilili,JP,Elected
"Hon. Mutua, Florence Mwikali",http://www.parliament.go.ke/sites/default/files/styles/mp_photo/public/2017-10/dfa5bd35ee353a18219b16bd4f1ed9c3_M.jpg,Busia,Busia,ODM,Elected
"Hon. Mutunga, John Kanyuithia",http://www.parliament.go.ke/sites/default/files/styles/mp_photo/public/2017-10/d746d8fb171ad62b07b108cdd1b7986c_M.jpg,Meru,Tigania West,JP,Elected
"Hon. Muturi, Geoffrey Kingagi",http://www.parliament.go.ke/sites/default/files/styles/mp_photo/public/2017-10/a8a60643bafa0307d300af23aba7c13b_M.jpg,Embu,Mbeere South,JP,Elected
"Hon. Mwadime, Andrew",http://www.parliament.go.ke/sites/default/files/styles/mp_photo/public/2017-10/68904008f966ea86ffdacaa829261e3d_M.jpg,Taita Taveta,Mwatate,ODM,Elected
"Hon. Mwakuwona, Danson Mwashako",http://www.parliament.go.ke/sites/default/files/styles/mp_photo/public/2017-10/3e4b3d256a2531e5e21a869496b34598_M.jpg,Taita Taveta,Wundanyi,WDM-K,Elected
"Hon. Mwale, Nicholas Scott Tindi",http://www.parliament.go.ke/sites/default/files/styles/mp_photo/public/2017-10/1853390e25be66b39b7e605f6bd79cbb_M.jpg,Kakamega,Butere,ANC,Elected
"Hon. Mwalyo, Joshua Mbithi",http://www.parliament.go.ke/sites/default/files/styles/mp_photo/public/2017-10/0eba82086d309eaeb0c5011201911b1a_M.jpg,Machakos,Masinga,WDM-K,Elected
"Hon. Mwambire, Teddy Ngumbao",http://www.parliament.go.ke/sites/default/files/styles/mp_photo/public/2017-10/26a8595bb1d20a9361ae1165668813f8_M.jpg,Kilifi,Ganze,ODM,Elected
"Hon. Mwamkale, William Kamoti",http://www.parliament.go.ke/sites/default/files/styles/mp_photo/public/2017-10/cc1343f4bf58ce9d4e32f3a11e5bec16_M.jpg,Kilifi,Rabai,ODM,Elected
"Hon. Mwangaza, Kawira",http://www.parliament.go.ke/sites/default/files/styles/mp_photo/public/2017-10/dcbcc53d33478b7f38471d5dbbe6eecc_M.jpg,Meru,Meru,IND,Elected
"Hon. Mwangi, Benjamin Gathiru",http://www.parliament.go.ke/sites/default/files/styles/mp_photo/public/2017-10/e91f5df61683ad642f80f8746e777635_M.jpg,Nairobi,Embakasi Central,JP,Elected
"Hon. Mwangi, James Gichuhi",http://www.parliament.go.ke/sites/default/files/styles/mp_photo/public/2017-10/e3ef4446c24c2b9192ff481ba246ca12_M.jpg,Nyeri,Tetu,JP,Elected
"Hon. Mwangi, Jonah Mburu",http://www.parliament.go.ke/sites/default/files/styles/mp_photo/public/2017-10/1710039b773a156fdc79812b49212f3e_M.jpg,Kiambu,Lari,JP,Elected
"Hon. Mwaniki, Ruth W.",http://www.parliament.go.ke/sites/default/files/styles/mp_photo/public/2017-10/78d3f08868d2b2dab244209bac283fa2_M.jpg,Murang'a,Kigumo,JP,Elected
"Hon. Mwanyanje, Gertrude Mbeyu",http://www.parliament.go.ke/sites/default/files/styles/mp_photo/public/2017-10/2c76be6100f94fcbc7b01029a02f2e20_M.jpg,Kilifi,Kilifi,ODM,Elected
"Hon. Mwashetani, Khatib Abdallah",http://www.parliament.go.ke/sites/default/files/styles/mp_photo/public/2017-10/815594ee7850f83c34de8dafc6ed2b26_M.jpg,Kwale,Lungalunga,JP,Elected
"Hon. Mwathi, Peter Mungai",http://www.parliament.go.ke/sites/default/files/styles/mp_photo/public/2017-10/719fb666b0ace48aca3c20e8ba12e1b2_M.jpg,Kiambu,Limuru,JP,Elected
"Hon. Mwirigi, John Paul",http://www.parliament.go.ke/sites/default/files/styles/mp_photo/public/2017-10/833cb7b8d4faef1124c12c2fcc377ccd_M.jpg,Meru,Igembe South,IND,Elected
"Hon. M’mbaya, Justus Gesito Mugali",http://www.parliament.go.ke/sites/default/files/styles/mp_photo/public/2017-10/798af74e083f2c49d397b5a47f7e4452_M.jpg,Kakamega,Shinyalu,ODM,Elected
"Hon. Naicca, Johnson Manya",http://www.parliament.go.ke/sites/default/files/styles/mp_photo/public/2017-10/7aed15c0eec6780801cf15fe872dd63a_M.jpg,Kakamega,Mumias West,ODM,Elected
"Hon. Nakara, John Lodepe",http://www.parliament.go.ke/sites/default/files/styles/mp_photo/public/2017-10/13cf665de00e3d3ffc61de183a9459cd_M.jpg,Turkana,Turkana Central,ODM,Elected
"Hon. Nakuleu, Christopher Doye",http://www.parliament.go.ke/sites/default/files/styles/mp_photo/public/2017-10/1d74f72896ceee72d213abc42e174515_M.jpg,Turkana,Turkana North,JP,Elected
"Hon. Nanok, Daniel Epuyo",http://www.parliament.go.ke/sites/default/files/styles/mp_photo/public/2017-10/8bcad8f505be89b6084318a70084a542_M.jpg,Turkana,Turkana West,JP,Elected
"Hon. Nanok, Daniel Epuyo",http://www.parliament.go.ke/sites/default/files/styles/mp_photo/public/2017-10/8bcad8f505be89b6084318a70084a542_M.jpg,Turkana,Turkana West,JP,Elected
"Hon. Nassir, Abdullswamad Sheriff",http://www.parliament.go.ke/sites/default/files/styles/mp_photo/public/2017-10/e027c4032dd7e9a75b2ece7beabff93c_M.jpg,Mombasa,Mvita,ODM,Elected
"Hon. Ndirangu, Isaac Waihenya",http://www.parliament.go.ke/sites/default/files/styles/mp_photo/public/2017-10/f58a2c3db8ae4635490262c0d46e8c26_M.jpg,Nairobi,Roysambu,JP,Elected
"Hon. Ng'ongo, Mbadi John",http://www.parliament.go.ke/sites/default/files/styles/mp_photo/public/2017-10/504bf178a85581616511d04d1ecf3494_M.jpg,Homa Bay,Suba South,ODM,Elected
"Hon. Ngirici, Purity Wangui",http://www.parliament.go.ke/sites/default/files/styles/mp_photo/public/2017-10/8e0b77fbc9ff40024476dada4337e4e5_M.jpg,Kirinyaga,Kirinyaga,JP,Elected
"Hon. Ngugi, Joseph Nduati",http://www.parliament.go.ke/sites/default/files/styles/mp_photo/public/2017-10/a8c5f873636bfa50a3430fb69e587265_M.jpg,Murang'a,Gatanga,JP,Elected
"Hon. Nguna, Charles Ngusya",http://www.parliament.go.ke/sites/default/files/styles/mp_photo/public/2017-10/5b74654ec36fd487c37a4827a65a7e86_M.jpg,Kitui,Mwingi West,WDM-K,Elected
"Hon. Ngunjiri, Onesmas Kimani",http://www.parliament.go.ke/sites/default/files/styles/mp_photo/public/2017-10/901250b7663e25ea6e0926b8ec942be1_M.jpg,Nakuru,Bahati,JP,Elected
"Hon. Njagagua, Charles Muriuki",http://www.parliament.go.ke/sites/default/files/styles/mp_photo/public/2017-10/d3f6f7ce604e372317182d1f9bbbf284_M.jpg,Embu,Mbeere North,JP,Elected
"Hon. Njagua, Charles Kanyi",http://www.parliament.go.ke/sites/default/files/styles/mp_photo/public/2017-10/afadd473a386b03697928b337d04f31e_M.jpg,Nairobi,Starehe,JP,Elected
"Hon. Njiru, Eric Muchangi",http://www.parliament.go.ke/sites/default/files/styles/mp_photo/public/2017-10/472bc744c50d55efb981580cb709427a_M.jpg,Embu,Runyenjes,JP,Elected
"Hon. Njiru, Jane Wanjuki",http://www.parliament.go.ke/sites/default/files/styles/mp_photo/public/2017-10/b4594c497ca6870fb60b146391a6f838_M.jpg,Embu,Embu,JP,Elected
"Hon. Njomo, Jude L. Kangethe",http://www.parliament.go.ke/sites/default/files/styles/mp_photo/public/2017-10/5ee4c505b6eebc63c100d449f7b255f4_M.jpg,Kiambu,Kiambu,JP,Elected
"Hon. Njoroge, Mary Wamaua Waithira",http://www.parliament.go.ke/sites/default/files/styles/mp_photo/public/2017-10/b733bb99c3fbcf2996843c5cb1dcaff2_M.jpg,Murang'a,Maragwa,JP,Elected
"Hon. Noor, Sophia Abdi",http://www.parliament.go.ke/sites/default/files/styles/mp_photo/public/2017-10/4026a63af062853bf799402d5ce8de9e_M.jpg,Garissa,Ijara,PDR,Elected
"Hon. Ntwiga, Patrick Munene",http://www.parliament.go.ke/sites/default/files/styles/mp_photo/public/2017-10/240105bef6ad8437498bbb0b2459e1c4_M.jpg,Tharaka-Nithi,Chuka\/Igambang'ombe,JP,Elected
"Hon. Nuh, Junet Sheikh",http://www.parliament.go.ke/sites/default/files/styles/mp_photo/public/2017-10/cb0a7144eba907ac785c88f0e0fc98bf_M.jpg,Migori,Suna East,ODM,Elected
"Hon. Nyaga, Beatrice Nkatha",http://www.parliament.go.ke/sites/default/files/styles/mp_photo/public/2017-10/178c309727ebc158483dbf79ec491077_M.jpg,Tharaka-Nithi,Tharaka-Nithi,JP,Elected
"Hon. Nyaga, John Muchiri",http://www.parliament.go.ke/sites/default/files/styles/mp_photo/public/2017-10/bb93b74d4345cacbf493dcdcee0d7953_M.jpg,Embu,Manyatta,JP,Elected
"Hon. Nyamai, Rachael Kaki",http://www.parliament.go.ke/sites/default/files/styles/mp_photo/public/2017-10/b038186ec492989d9c0c508951d41fd3_M.jpg,Kitui,Kitui South,JP,Elected
"Hon. Nyamita, Mark Ogolla",http://www.parliament.go.ke/sites/default/files/styles/mp_photo/public/2017-10/140f23040038d34f840b3bb9672ae194_M.jpg,Migori,Uriri,ODM,Elected
"Hon. Nyamoko, Joash Nyamache",http://www.parliament.go.ke/sites/default/files/styles/mp_photo/public/2017-10/a1fc46601e6b465b4844397b42bd8d00_M.jpg,Migori,North Mugirango,JP,Elected
"Hon. Nyenze, Edith",http://www.parliament.go.ke/sites/default/files/styles/mp_photo/public/2017-10/6deb710371919573f87f769ac8aef1d5_M.jpg,Kitui,Kitui West,WDM-K,Elected
"Hon. Nyikal, James Wambura",http://www.parliament.go.ke/sites/default/files/styles/mp_photo/public/2017-10/31d3d648bcd5264f68bcb78a6a92b36d_M.jpg,Kisumu,Seme,ODM,Elected
"Hon. Nyoro, Samson Ndindi",http://www.parliament.go.ke/sites/default/files/styles/mp_photo/public/2017-10/9acd39673b78814c9bb85f14f62c5956_M.jpg,Murang'a,Kiharu,JP,Elected
"Hon. Nzambia, Thuddeus Kithua",http://www.parliament.go.ke/sites/default/files/styles/mp_photo/public/2017-10/d2fb689e74a907951fbcf16d13cc9a19_M.jpg,Makueni,Kilome,WDM-K,Elected
"Hon. Nzengu, Paul Musyimi",http://www.parliament.go.ke/sites/default/files/styles/mp_photo/public/2017-10/eaf80b1a3859e30c573d8d43cac3c5c9_M.jpg,Kitui,Mwingi North,WDM-K,Elected
"Hon. Nzioka, Erastus Kivasu",http://www.parliament.go.ke/sites/default/files/styles/mp_photo/public/2017-10/670a551652ad7bb3913c64d9f97e24df_M.jpg,Makueni,Mbooni,ND,Elected
"Hon. Obara, Eve Akinyi",http://www.parliament.go.ke/sites/default/files/styles/mp_photo/public/2017-10/920ff72ebfa161115e98757aa3802606_M.jpg,Homa Bay,Kabondo Kasipul,ODM,Elected
"Hon. Obiri, Innocent Momanyi",http://www.parliament.go.ke/sites/default/files/styles/mp_photo/public/2017-10/a7869d52404fd702fc548a5b18a8197d_M.jpg,Kisii,Bobasi,PDP,Elected
"Hon. Obo, Ruweida Mohamed",http://www.parliament.go.ke/sites/default/files/styles/mp_photo/public/2017-10/6c708d6c888e47baed2644b0e165e179_M.jpg,Lamu,Lamu,JP,Elected
"Hon. Ochieng, Pamela Awuor",http://www.parliament.go.ke/sites/default/files/styles/mp_photo/public/2017-10/0beec8a3c07f810af132f7222f579164_M.jpg,Migori,Migori,ODM,Elected
"Hon. Odanga, Geoffrey Makokha",http://www.parliament.go.ke/sites/default/files/styles/mp_photo/public/2017-10/0328d8d74f003cee4220076b387f07c5_M.jpg,Busia,Matayos,ODM,Elected
"Hon. Odege, Tom Mboya",http://www.parliament.go.ke/sites/default/files/styles/mp_photo/public/2017-10/728c7bd3d567246695d7c67c13ea65c9_M.jpg,Migori,Nyatike,ODM,Elected
"Hon. Odhiambo, Elisha Ochieng",http://www.parliament.go.ke/sites/default/files/styles/mp_photo/public/2017-10/ec0d7266e8fd8dce1681592f050d4ee5_M.jpg,Siaya,Gem,ODM,Elected
"Hon. Odhiambo, Millie Grace Akoth",http://www.parliament.go.ke/sites/default/files/styles/mp_photo/public/2017-10/aadb86f1863232600e988ff374df22ef_M.jpg,Homa Bay,Suba North,ODM,Elected
"Hon. Oduol, Prof. Jacquiline Adhiambo",http://www.parliament.go.ke/sites/default/files/styles/mp_photo/public/2017-10/ce86d91b5d90541814c162e51d434f67_M.jpg,N\/A,N\/A,ODM,Nominated
"Hon. Oduor, Christine Ombaka",http://www.parliament.go.ke/sites/default/files/styles/mp_photo/public/2017-10/58ecdbe2c2e962e11df1ffdb91c5d803_M.jpg,Siaya,Siaya,ODM,Elected
"Hon. Ogolla, Gideon Ochanda",http://www.parliament.go.ke/sites/default/files/styles/mp_photo/public/2017-10/9887688ac763d8913b4fac3b6273b728_M.jpg,Siaya,Bondo,ODM,Elected
"Hon. Ogutu, Zadoc Abel",http://www.parliament.go.ke/sites/default/files/styles/mp_photo/public/2017-10/c44b3abd57ccfbc620ba9eaafbc28bd6_M.jpg,Kisii,Bomachoge Borabu,IND,Elected
"Hon. Okelo, Jared Odoyo",http://www.parliament.go.ke/sites/default/files/styles/mp_photo/public/2017-10/7f811f32f53a4a14ebe64edebd144cae_M.jpg,Kisumu,Nyando,ODM,Elected
"Hon. Okoth, Kenneth Odhiambo",http://www.parliament.go.ke/sites/default/files/styles/mp_photo/public/2017-10/14fd397550128b5877b8fb44f4a660a6_M.jpg,Nairobi,Kibra,ODM,Elected
"Hon. Okuome, Andrew Adipo",http://www.parliament.go.ke/sites/default/files/styles/mp_photo/public/2017-10/4a1cb8361d8fdf0e30084cb435417167_M.jpg,Homa Bay,Karachuonyo,ODM,Elected
"Hon. Ole Kenta, Richard Moitalel",http://www.parliament.go.ke/sites/default/files/styles/mp_photo/public/2017-10/a1e3dec9d5a3ddbb03219cadb44416fc_M.jpg,Narok,Narok North,ODM,Elected
"Hon. Ole Lemein, Korei",http://www.parliament.go.ke/sites/default/files/styles/mp_photo/public/2017-10/bc9e3f040a8725cab88bdc0146b92bf5_M.jpg,Narok,Narok South,JP,Elected
"Hon. Ole Metito, Katoo Judah",http://www.parliament.go.ke/sites/default/files/styles/mp_photo/public/2017-10/8cdfe61457f16442e8acf54df5822c40_M.jpg,Kajiado,Kajiado South,JP,Elected
"Hon. Ole Sankok, David",http://www.parliament.go.ke/sites/default/files/styles/mp_photo/public/2017-10/9a2757f5f85ebf752392bd550a63e0fb_M.jpg,N\/A,N\/A,JP,Nominated
"Hon. Oluoch, Anthony Tom",http://www.parliament.go.ke/sites/default/files/styles/mp_photo/public/2017-10/44607df985458ea0a6092b6ca2cd08f8_M.jpg,Nairobi,Mathare,ODM,Elected
"Hon. Ombaki, Ezekiel Machogu",http://www.parliament.go.ke/sites/default/files/styles/mp_photo/public/2017-10/162542c63974f866af57eea7ccaad819_M.jpg,Kisii,Nyaribari Masaba,NAPK,Elected
"Hon. Omulele, Christopher",http://www.parliament.go.ke/sites/default/files/styles/mp_photo/public/2017-10/e2ac308650e9eb88d720f3a51eea7fa5_M.jpg,Vihiga,Luanda,ODM,Elected
"Hon. Omuse, Geoffrey",http://www.parliament.go.ke/sites/default/files/styles/mp_photo/public/2017-10/d561f80dfa05c34464e7eed65db7a231_M.jpg,Busia,Teso South,ODM,Elected
"Hon. Omwera, George Aladwa",http://www.parliament.go.ke/sites/default/files/styles/mp_photo/public/2017-10/053eb2154b6e12921bc7bb753743fe75_M.jpg,Nairobi,Makadara,ODM,Elected
"Hon. Ongera, Janet",http://www.parliament.go.ke/sites/default/files/styles/mp_photo/public/2017-10/1497f9edaa54ebfbe4642a1bbd87acb4_M.jpg,Kisii,Kisii,ODM,Elected
"Hon. Onyiego, Silvanus Osoro",http://www.parliament.go.ke/sites/default/files/styles/mp_photo/public/2017-10/50887330165ed489421f0085838f09d5_M.jpg,Kisii,South Mugirango,KNC,Elected
"Hon. Osotsi, Godfrey",http://www.parliament.go.ke/sites/default/files/styles/mp_photo/public/2017-10/daf552acf2bbbfcbbc724b2e098faceb_M.jpg,N\/A,N\/A,ANC,Nominated
"Hon. Ouda, Fred Odhiambo",http://www.parliament.go.ke/sites/default/files/styles/mp_photo/public/2017-10/904f3ac4c855176c2a7e02aee0613185_M.jpg,Kisumu,Kisumu Central,ODM,Elected
"Hon. Oundo, Wilberforce Ojiambo",http://www.parliament.go.ke/sites/default/files/styles/mp_photo/public/2017-10/df0202a7b51a3fcc7901f13d1565ed40_M.jpg,Busia,Funyula,ODM,Elected
"Hon. Owino, John Walter",http://www.parliament.go.ke/sites/default/files/styles/mp_photo/public/2017-10/49919e6dcbcff5310b927dee980853ee_M.jpg,Migori,Awendo,ODM,Elected
"Hon. Owino, Martin Peters",http://www.parliament.go.ke/sites/default/files/styles/mp_photo/public/2017-10/b61e92b5bd94477b5056917a080d4cab_M.jpg,Homa Bay,Ndhiwa,ODM,Elected
"Hon. Owuor, Joshua Aduma",http://www.parliament.go.ke/sites/default/files/styles/mp_photo/public/2017-10/7fa76d838c5d0669d5303aecd98021bb_M.jpg,Kisumu,Nyakach,ODM,Elected
"Hon. Oyioka, John Oroo",http://www.parliament.go.ke/sites/default/files/styles/mp_photo/public/2017-10/38c355ee16c197abf3351ba6f4f08cb1_M.jpg,Kisii,Bonchari,PDP,Elected
"Hon. Oyoo, James Onyango",http://www.parliament.go.ke/sites/default/files/styles/mp_photo/public/2017-10/f675ce04dc7aa4c3b4cdff9d97e129a0_M.jpg,Kisumu,Muhoroni,ODM,Elected
"Hon. Oyula, Joseph H. Maero",http://www.parliament.go.ke/sites/default/files/styles/mp_photo/public/2017-10/35a215ac72749676c4ee9331058ec16f_M.jpg,Busia,Butula,ODM,Elected
"Hon. Passaris, Esther Muthoni Rosanna",http://www.parliament.go.ke/sites/default/files/styles/mp_photo/public/2017-10/4e73393c2eff6cb8430b92276847f700_M.jpg,Nairobi,Nairobi CIty,ODM,Elected
"Hon. Pkosing, David Losiakou",http://www.parliament.go.ke/sites/default/files/styles/mp_photo/public/2017-10/d667044ec2535d6b347d2580b265c5a0_M.jpg,West Pokot,Pokot South,JP,Elected
"Hon. Pukose, Dr Robert",http://www.parliament.go.ke/sites/default/files/styles/mp_photo/public/2017-10/abc177ee6c58a3f1cb63885a9808dc51_M.jpg,Trans-Nzoia,Endebess,JP,Elected
"Hon. Ramadhani, Suleiman Dori",http://www.parliament.go.ke/sites/default/files/styles/mp_photo/public/2017-10/49382db1cabe74312aebfced243ea3c2_M.jpg,Kwale,Msambweni,ODM,Elected
"Hon. Raso, Dido Ali",http://www.parliament.go.ke/sites/default/files/styles/mp_photo/public/2017-10/c751a390ac9295853b04d199f361f99e_M.jpg,Marsabit,Saku,JP,Elected
"Hon. Rindikiri, Mugambi Murwithania",http://www.parliament.go.ke/sites/default/files/styles/mp_photo/public/2017-10/4574050533b8ea8ae703ffdf4259c2ce_M.jpg,Meru,Buuri,JP,Elected
"Hon. Robi, Mathias Nyamabe",http://www.parliament.go.ke/sites/default/files/styles/mp_photo/public/2017-10/aeab9f4afe0065cfabe5369ed910857f_M.jpg,Migori,Kuria West,JP,Elected
"Hon. Rono, Daniel Kipkogei",http://www.parliament.go.ke/sites/default/files/styles/mp_photo/public/2017-10/766488e3658e0daaabe6f7e42c884255_M.jpg,Elgeyo-Marakwet,Keiyo South,JP,Elected
"Hon. Sambu, Bernard Alfred Wekesa",http://www.parliament.go.ke/sites/default/files/styles/mp_photo/public/2017-10/16fb50ff776de4c5b59c949cb6203874_M.jpg,Bungoma,Webuye East,ANC,Elected
"Hon. Serem, Cornelly",http://www.parliament.go.ke/sites/default/files/styles/mp_photo/public/2017-10/55a4b1dc02dc4df8b8ce3bbec9c356d0_M.jpg,Nandi,Aldai,JP,Elected
"Hon. Serem, Joshua Kutuny",http://www.parliament.go.ke/sites/default/files/styles/mp_photo/public/2017-10/79d73272824fe2ee515fc4e50a0d1c23_M.jpg,Trans-Nzoia,Cherangany,JP,Elected
"Hon. Seroney, Sammy Kipkorir",http://www.parliament.go.ke/sites/default/files/styles/mp_photo/public/2017-10/3d93c55b098172a28d1ff09abb281307_M.jpg,N\/A,N/A,WDM-K,Nominated
"Hon. Shaban, Naomi Namsi",http://www.parliament.go.ke/sites/default/files/styles/mp_photo/public/2017-10/80a59eeea9ebb8715476a56b0aba92ef_M.jpg,Taita Taveta,Taveta,JP,Elected
"Hon. Shamalla, Jennifer",http://www.parliament.go.ke/sites/default/files/styles/mp_photo/public/2017-10/00c935e00a0e1781a9130e68a6026b4f_M.jpg,N\/A,N\/A,JP,Nominated
"Hon. Shimbwa, Omar Mwinyi",http://www.parliament.go.ke/sites/default/files/styles/mp_photo/public/2017-10/a84fbc66d2a25b36ced210152b329878_M.jpg,Mombasa,Changamwe,ODM,Elected
"Hon. Shinali, Benard Masaka",http://www.parliament.go.ke/sites/default/files/styles/mp_photo/public/2017-10/44ffc45b50f322d6bb819fb312960a6d_M.jpg,Kakamega,Ikolomani,JP,Elected
"Hon. Shollei, Gladys Jepkosgei-Boss",http://www.parliament.go.ke/sites/default/files/styles/mp_photo/public/2017-10/e64421104d283097181b12f6cbfcbb93_M.jpg,Uasin Gishu,Uasin Gishu,JP,Elected
"Hon. Shurie, Abdi Omar",http://www.parliament.go.ke/sites/default/files/styles/mp_photo/public/2017-10/e24f0fb4483e248d70b6713336d3e3ce_M.jpg,Garissa,Balambala,JP,Elected
"Hon. Simiyu, David Eseli",http://www.parliament.go.ke/sites/default/files/styles/mp_photo/public/2017-10/925cc4765b1647fe121f7710b4d1814b_M.jpg,Bungoma,Tongaren,FORD-K,Elected
"Hon. Sitati, Daniel Wanyama",http://www.parliament.go.ke/sites/default/files/styles/mp_photo/public/2017-10/3cebee5fba2c4faded01d968852d12e5_M.jpg,Bungoma,Webuye West,JP,Elected
"Hon. Sitienei, Janet Jepkemboi",http://www.parliament.go.ke/sites/default/files/styles/mp_photo/public/2017-10/3914f215a548fddde792ee485522ba8b_M.jpg,Uasin Gishu,Turbo,IND,Elected
"Hon. Sossion, Wilson",http://www.parliament.go.ke/sites/default/files/styles/mp_photo/public/2017-10/a57c70015d2955d086d93bb809131cc5_M.jpg,N\/A,N\/A,ODM,Nominated
"Hon. Sudi, Oscar Kipchumba",http://www.parliament.go.ke/sites/default/files/styles/mp_photo/public/2017-10/68e022659867147b29bcb43e75ab56d8_M.jpg,Uasin Gishu,Kapseret,JP,Elected
"Hon. Sunkuyia, George Risa",http://www.parliament.go.ke/sites/default/files/styles/mp_photo/public/2017-10/7ead6714de263a5cb87d02f7a7ac9bf7_M.jpg,Kajiado,Kajiado West,JP,Elected
"Hon. Tandaza, Kassim Sawa",http://www.parliament.go.ke/sites/default/files/styles/mp_photo/public/2017-10/d29e6a01f61459cb5c6ee7e3a2424526_M.jpg,Kwale,Matuga,ANC,Elected
"Hon. Tayari, Benjamin Dalu Stephen",http://www.parliament.go.ke/sites/default/files/styles/mp_photo/public/2017-10/be8705c3475c94c84e2da78362c91453_M.jpg,Kwale,Kinango,ODM,Elected
"Hon. Tepo, Abdi Koropu",http://www.parliament.go.ke/sites/default/files/styles/mp_photo/public/2017-10/26b90ed750a66fcf594486f0628c1fa0_M.jpg,Isiolo,Isiolo South,KPP,Elected
"Hon. Teyiaa, Janet Marania",http://www.parliament.go.ke/sites/default/files/styles/mp_photo/public/2017-10/676091ebc71184b3b493c133a431b831_M.jpg,Kajiado,Kajiado,JP,Elected
"Hon. Theuri, George",http://www.parliament.go.ke/sites/default/files/styles/mp_photo/public/2017-10/55b7a72ab2b13ebd155412a2cb343942_M.jpg,Nairobi,Embakasi West,JP,Elected
"Hon. Thuku, Zachary Kwenya",http://www.parliament.go.ke/sites/default/files/styles/mp_photo/public/2017-10/87118bfb15564c415136cf8ce002afc3_M.jpg,Nyandarua,Kinangop,JP,Elected
"Hon. Tiren, Silas Kipkoech",http://www.parliament.go.ke/sites/default/files/styles/mp_photo/public/2017-10/dc0900c4858a2f0dce82ed3898356bb3_M.jpg,Uasin Gishu,Moiben,JP,Elected
"Hon. Tobiko, Peris Pesi",http://www.parliament.go.ke/sites/default/files/styles/mp_photo/public/2017-10/3d5d61eb7a826bf5aedbbcc91eb5ac74_M.jpg,Kajiado,Kajiado East,JP,Elected
"Hon. Tomitom, Lilian Cheptoo",http://www.parliament.go.ke/sites/default/files/styles/mp_photo/public/2017-10/405b09458c97cf5b6bd2ee2be99807fb_M.jpg,West Pokot,West Pokot,JP,Elected
"Hon. Tongi, Richard Nyagaka",http://www.parliament.go.ke/sites/default/files/styles/mp_photo/public/2017-10/16742834afb5f1a0802403bec0db6d30_M.jpg,Kisii,Nyaribari Chache,JP,Elected
"Hon. Tongoyo, Gabriel Koshal",http://www.parliament.go.ke/sites/default/files/styles/mp_photo/public/2017-10/f85c69e258fa1e3fd07e321cb5f74e94_M.jpg,Narok,Narok West,CCM,Elected
"Hon. Tonui, Ronald Kiprotich",http://www.parliament.go.ke/sites/default/files/styles/mp_photo/public/2017-10/b389d00dbde0f89ea5c947817618bdcf_M.jpg,Bomet,Bomet Central,JP,Elected
"Hon. Tuitoek, Daniel Kamuren",http://www.parliament.go.ke/sites/default/files/styles/mp_photo/public/2017-10/8bfd93495956266847187a18b8b34bdb_M.jpg,Baringo,Mogotio,JP,Elected
"Hon. Tum, Tecla Chebet",http://www.parliament.go.ke/sites/default/files/styles/mp_photo/public/2017-10/b19561bfe5acb7716f4100f417429700_M.jpg,Nandi,Nandi,JP,Elected
"Hon. Tuwei, Vincent Kipkurui",http://www.parliament.go.ke/sites/default/files/styles/mp_photo/public/2017-10/5bbc2aed7eb4a97970667ca758d3d935_M.jpg,Nandi,Mosop,JP,Elected
"Hon. Tuya, Roselinda Soipan",http://www.parliament.go.ke/sites/default/files/styles/mp_photo/public/2017-10/c63d7231fdd3fe9a1aa75e8690e209f6_M.jpg,Narok,Narok,JP,Elected
"Hon. Wachira, Josphat Kabinga",http://www.parliament.go.ke/sites/default/files/styles/mp_photo/public/2017-10/f56dcf43b7768c6f7ecee39e14ad2696_M.jpg,Kirinyaga,Mwea,JP,Elected
"Hon. Wachira, Rahab Mukami",http://www.parliament.go.ke/sites/default/files/styles/mp_photo/public/2017-10/61b2457bd26e807bc7886562638d9f31_M.jpg,Nyeri,Nyeri,JP,Elected
"Hon. Wahome, Alice Muthoni",http://www.parliament.go.ke/sites/default/files/styles/mp_photo/public/2017-10/4f48ac064c910292899c0a18319fdc9d_M.jpg,Murang'a,Kandara,JP,Elected
"Hon. Waititu, Francis Munyua",http://www.parliament.go.ke/sites/default/files/styles/mp_photo/public/2017-10/06a65b7e89ba3b285a867f4f2c1f15f1_M.jpg,Kiambu,Juja,JP,Elected
"Hon. Wakhungu, Chrisantus Wamalwa",http://www.parliament.go.ke/sites/default/files/styles/mp_photo/public/2017-10/88f1ce450f9cbf7ce9b9240ea330e329_M.jpg,Trans-Nzoia,Kiminini,FORD-K,Elected
"Hon. Wamacukuru, James Githua Kamau",http://www.parliament.go.ke/sites/default/files/styles/mp_photo/public/2017-10/e50ea347917618304944294820c7b33b_M.jpg,Kiambu,Kabete,JP,Elected
"Hon. Wambilianga, Catherine Nanjala",http://www.parliament.go.ke/sites/default/files/styles/mp_photo/public/2017-10/67c060ba9d344cfb14a762a07b4400d4_M.jpg,Bungoma,Bungoma,FORD-K,Elected
"Hon. Wambugu, John Munene",http://www.parliament.go.ke/sites/default/files/styles/mp_photo/public/2019-06/PHOTO-2019-06-17-12-37-15.jpg,Kirinyaga,Kirinyaga Central,JP,Elected
"Hon. Wambugu, Martin Deric Ngunjiri",http://www.parliament.go.ke/sites/default/files/styles/mp_photo/public/2017-10/50f8e9503c40607fa3af5ddb20c717b4_M.jpg,Nyeri,Nyeri Town,JP,Elected
"Hon. Wamuchomba, Gathoni",http://www.parliament.go.ke/sites/default/files/styles/mp_photo/public/2017-10/14383eebd7367174c74b324d2774f2dc_M.jpg,Kiambu,Kiambu,JP,Elected
"Hon. Wamunyinyi, Athanas Misiko Wafula",http://www.parliament.go.ke/sites/default/files/styles/mp_photo/public/2017-10/c803f34f838a7cde7be0d34d45574749_M.jpg,Bungoma,Kanduyi,FORD-K,Elected
"Hon. Wandayi, James Opiyo",http://www.parliament.go.ke/sites/default/files/styles/mp_photo/public/2017-10/d6aff89a658ad883181587a620c01a29_M.jpg,Siaya,Ugunja,ODM,Elected
"Hon. Wanga, Gladys Atieno Nyasuna",http://www.parliament.go.ke/sites/default/files/styles/mp_photo/public/2017-10/9dd60418066db724ebb1cf832eaf5702_M.jpg,Homa Bay,Homa Bay,ODM,Elected
"Hon. Wangaya, Christopher Aseka",http://www.parliament.go.ke/sites/default/files/styles/mp_photo/public/2017-10/65b84e66df29f1c375d94f81b963889d_M.jpg,Kakamega,Khwisero,ANC,Elected
"Hon. Wangwe, Emmanuel",http://www.parliament.go.ke/sites/default/files/styles/mp_photo/public/2017-10/38b583516eb5c2e3d4af5ae22c6d48cf_M.jpg,Kakamega,Navakholo,JP,Elected
"Hon. Wanjala, Raphael Bitta Sauti",http://www.parliament.go.ke/sites/default/files/styles/mp_photo/public/2017-10/b20e1b0483ae02403352523456c51596_M.jpg,Busia,Budalangi,ODM,Elected
"Hon. Wanjira, Martha Wangari",http://www.parliament.go.ke/sites/default/files/styles/mp_photo/public/2017-10/aa21f5a00de04effd17397b3e7a5ca00_M.jpg,Nakuru,Gilgil,JP,Elected
"Hon. Wanyama, Janet Nangabo",http://www.parliament.go.ke/sites/default/files/styles/mp_photo/public/2017-10/1f6dd5aa012fb4885c61f13c14c08e27_M.jpg,Trans-Nzoia,Trans-Nzoia,JP,Elected
"Hon. Wanyonyi, Ferdinard Kevin",http://www.parliament.go.ke/sites/default/files/styles/mp_photo/public/2017-10/270360746bd8559a12c7c84e8e52ce9c_M.jpg,Trans-Nzoia,Kwanza,FORD-K,Elected
"Hon. Wario, Ali",http://www.parliament.go.ke/sites/default/files/styles/mp_photo/public/2017-10/7bff11993bca818548dae98cf5110200_M.jpg,Tana River,Bura,JP,Elected
"Hon. Wario, Qalicha Gufu",http://www.parliament.go.ke/sites/default/files/styles/mp_photo/public/2017-10/bf1d99f55c1e5372caa2fe2f3c8ad151_M.jpg,Marsabit,Moyale,JP,Elected
"Hon. Waruguru, Catherine Wanjiku",http://www.parliament.go.ke/sites/default/files/styles/mp_photo/public/2017-10/ef8b4f58175a113f41adf6539b5278b7_M.jpg,Laikipia,Laikipia,JP,Elected
"Hon. Washiali, Benjamin Jomo",http://www.parliament.go.ke/sites/default/files/styles/mp_photo/public/2017-10/db94c85e22ed15843439624af4fb6d34_M.jpg,Kakamega,Mumias East,JP,Elected
"Hon. Waweru, John Kiarie",http://www.parliament.go.ke/sites/default/files/styles/mp_photo/public/2017-10/ef7f993a6cc03edcb0e436ea4d9a1a92_M.jpg,Nairobi,Dagoretti South,JP,Elected
"Hon. Were, Charles Ong’ondo",http://www.parliament.go.ke/sites/default/files/styles/mp_photo/public/2017-10/9583dc510fd3047f9766b624e3cdd5d0_M.jpg,Homa Bay,Kasipul,ODM,Elected
"Hon. Wetangula, Timothy Wanyonyi",http://www.parliament.go.ke/sites/default/files/styles/mp_photo/public/2017-10/5108b0ca2eed78054d2975cb63791f3e_M.jpg,Nairobi,Westlands,ODM,Elected
"Hon. Yussuf, Adan Haji",http://www.parliament.go.ke/sites/default/files/styles/mp_photo/public/2017-10/7504c9799ee42c9b6ddf530abd1362ee_M.jpg,Mandera,Mandera West,EFP,Elected
"Hon. Yussuf, Mucheke Halima",http://www.parliament.go.ke/sites/default/files/styles/mp_photo/public/2017-10/52fbadf952fc89b2765f48c72fb1eb0a_M.jpg,N\/A,N\/A,JP,Nominated
